date,mktrf,smb,hml,rmw,cma,rf
196307,-0.39,-0.46,-0.82,0.72,-1.16,0.27
196308,5.07,-0.81,1.63,0.42,-0.4,0.25
196309,-1.57,-0.48,0.19,-0.8,0.23,0.27
196310,2.53,-1.29,-0.11,2.75,-2.26,0.29
196311,-0.85,-0.84,1.66,-0.34,2.22,0.27
196312,1.83,-1.87,-0.11,0.18,-0.31,0.29
196401,2.24,0.09,1.64,0.21,1.51,0.3
196402,1.54,0.3,2.83,0.04,0.87,0.26
196403,1.41,1.43,3.36,-2.01,2.94,0.31
196404,0.1,-1.52,-0.42,-1.39,-1.09,0.29
196405,1.42,-0.67,1.88,-0.28,0.24,0.26
196406,1.27,0.07,0.72,-0.36,0.13,0.3
196407,1.74,0.47,0.7,0.02,1.91,0.3
196408,-1.44,0.3,0.12,-0.09,0.35,0.28
196409,2.69,-0.31,1.65,-0.36,0.59,0.28
196410,0.59,0.91,1.14,-0.18,0.45,0.29
196411,0,-0.28,-1.96,0.62,-0.17,0.29
196412,0.03,-0.56,-2.58,1.27,-1.64,0.31
196501,3.54,2.48,0.2,0.75,0.15,0.28
196502,0.44,3.3,0.19,0.26,-0.67,0.3
196503,-1.34,2.01,1.07,-0.33,0.75,0.36
196504,3.11,1.19,0.7,0.34,-2.3,0.31
196505,-0.77,0.04,-1.62,-0.47,0.73,0.31
196506,-5.51,-4.31,0.58,0.13,0.44,0.35
196507,1.43,1.05,2.21,-1.43,0,0.31
196508,2.73,2.74,-1.07,1.9,-0.72,0.33
196509,2.86,0.62,-0.11,-1.07,0.84,0.31
196510,2.6,3.41,1.6,1.24,-0.73,0.31
196511,-0.03,5.21,0.23,-1.08,-0.89,0.35
196512,1.01,2.67,2.08,-1.13,-0.5,0.33
196601,0.72,4.67,3.57,-2.9,-0.06,0.38
196602,-1.21,4.79,0.36,0.1,-1.45,0.35
196603,-2.51,0.24,-2.05,1.27,-0.04,0.38
196604,2.14,3.36,-0.44,0.4,-0.92,0.34
196605,-5.66,-5.15,-1.65,1.76,-1.5,0.41
196606,-1.44,1.37,0.49,-0.04,0.77,0.38
196607,-1.63,-0.4,0.82,-0.5,1.72,0.35
196608,-7.91,-3.06,0.56,0.27,0.88,0.41
196609,-1.06,-1.14,0.5,-1.17,2.47,0.4
196610,3.86,-6.47,2.81,-3.54,4.26,0.45
196611,1.4,3.46,-4.6,4.17,-6.63,0.4
196612,0.13,1.95,-1.29,0.86,-0.22,0.4
196701,8.15,9.09,2.03,0.57,-3.16,0.43
196702,0.78,3.08,-2.26,2.15,-0.98,0.36
196703,3.99,1.99,0.19,0.63,-1.59,0.39
196704,3.89,0.42,-2.54,2.57,-3.7,0.32
196705,-4.33,2.34,0.89,-1.85,1.64,0.33
196706,2.41,6.48,0.94,-0.64,-2.4,0.27
196707,4.58,3.24,2.65,-1.58,2.72,0.31
196708,-0.89,0.76,1.47,0.51,1.39,0.31
196709,3.11,2.4,-2.47,-0.02,-0.96,0.32
196710,-3.09,0.48,-3.39,0.9,-2.59,0.39
196711,0.37,-0.01,-1.71,1.29,-2.29,0.36
196712,3.05,5.71,-0.39,-1.03,0.1,0.33
196801,-4.06,4.53,4.76,-3.88,6.44,0.4
196802,-3.75,-2.91,1.17,-0.11,2.49,0.39
196803,0.2,-1.54,-0.59,1.04,-1.17,0.38
196804,9.05,6.19,-1.03,2.05,-3.68,0.43
196805,2.28,6.93,0.84,-0.22,-1.81,0.45
196806,0.69,-0.26,0.67,-1,2.75,0.43
196807,-2.72,-1.37,5.48,-3.15,3.59,0.48
196808,1.34,2.3,1.01,-0.56,0.43,0.42
196809,4.03,2.78,0.24,-2.2,0.87,0.43
196810,0.42,-0.45,2.9,-1.37,2.74,0.44
196811,5.43,2.43,-0.9,0.51,-2.5,0.42
196812,-3.94,3.6,0.02,-1.76,1.64,0.43
196901,-1.25,-0.48,1.69,-1.52,1.38,0.53
196902,-5.84,-4.11,0.92,2.1,0.8,0.46
196903,2.64,-0.41,-0.45,-1.41,-0.45,0.46
196904,1.46,-0.81,0.05,0.32,0.11,0.53
196905,-0.1,-0.18,0.73,-1.01,1.52,0.48
196906,-7.18,-5.47,-1.09,4.24,-1.52,0.51
196907,-7,-3.36,1.43,1.32,1.96,0.53
196908,4.68,0.69,-3.86,1.22,-4.07,0.5
196909,-2.98,1.31,-3.22,3.32,-0.88,0.62
196910,5.06,3.88,-3.22,-0.15,-2.02,0.6
196911,-3.79,-2.4,-1.11,1.32,0.31,0.52
196912,-2.63,-3.7,-3.07,2.13,-2.08,0.64
197001,-8.1,3.08,3.06,-1.97,3.88,0.6
197002,5.13,-2.56,4.03,-2.16,3.02,0.62
197003,-1.06,-2.42,4.25,-1.04,4.43,0.57
197004,-11,-6.29,6.4,-0.98,5.89,0.5
197005,-6.92,-4.4,3.65,-1.42,3.63,0.53
197006,-5.79,-2.15,0.79,0.02,2.84,0.58
197007,6.93,-0.71,1.03,-0.14,1.91,0.52
197008,4.49,1.54,1.07,0.65,-0.15,0.53
197009,4.18,8.48,-5.5,0.39,-5.93,0.54
197010,-2.28,-4.48,0.2,1.89,2.39,0.46
197011,4.59,-4.01,1.68,1.69,1.59,0.46
197012,5.72,2.99,0.99,0.07,0.28,0.42
197101,4.84,7.57,1.35,-2.04,-0.14,0.38
197102,1.41,2.04,-1.34,0.54,-0.72,0.33
197103,4.13,2.16,-4,2.02,-2.7,0.3
197104,3.15,-0.36,0.74,-1.43,0.72,0.28
197105,-3.98,-1.18,-1.38,1.29,0.3,0.29
197106,-0.1,-1.45,-2,1.5,-1.74,0.37
197107,-4.5,-1.4,0.14,0.51,1.62,0.4
197108,3.79,-0.19,2.72,-0.36,2.62,0.47
197109,-0.85,0.21,-2.95,2.53,-1.55,0.37
197110,-4.42,-1.63,-0.48,1.35,-1.26,0.37
197111,-0.46,-2.89,-1.75,2.25,-0.39,0.37
197112,8.71,3.23,-0.24,-0.45,-1.79,0.37
197201,2.49,6.31,2.06,-1.79,0.29,0.29
197202,2.87,0.99,-2.75,1.98,-0.54,0.25
197203,0.63,-0.48,-1.66,1.48,-0.17,0.27
197204,0.29,0.14,0.39,-0.46,-0.89,0.29
197205,1.25,-3.15,-2.73,2.4,-1.86,0.3
197206,-2.43,-0.36,-2.42,1.73,-0.35,0.29
197207,-0.8,-2.74,0.77,1.02,-0.59,0.31
197208,3.26,-3.52,4.64,-2.16,2.95,0.29
197209,-1.14,-2.26,0.5,1.63,-1.97,0.34
197210,0.52,-2.51,1.32,-0.02,-0.04,0.4
197211,4.6,-0.55,4.76,-2.02,3.35,0.37
197212,0.62,-1.82,-2.26,2.44,-2.2,0.37
197301,-3.29,-2.8,2.7,0.46,0.93,0.44
197302,-4.85,-4.02,1.7,-0.52,-0.01,0.41
197303,-1.29,-2.36,2.83,-1.03,0.73,0.46
197304,-5.68,-3.01,5.69,-1.74,2.71,0.52
197305,-2.94,-5.99,0.21,1.9,-1.79,0.51
197306,-1.56,-2.54,1.42,-0.33,0.22,0.51
197307,5.04,7.25,-5.18,0.01,-3.42,0.64
197308,-3.84,-1.76,1.19,-1.45,1.32,0.7
197309,4.75,3.54,2.11,-2.22,1.85,0.68
197310,-0.86,-0.21,1.74,-1.94,2.73,0.65
197311,-12.74,-7.3,4.01,-2.81,1.51,0.56
197312,0.58,-4.63,4.24,-3.02,2.33,0.64
197401,-0.17,10.5,5.86,-2.98,4.35,0.63
197402,-0.48,0.16,2.55,-1.97,2.71,0.58
197403,-2.81,2.61,-0.09,2.96,0.41,0.56
197404,-5.29,-0.63,1.01,2.81,1.79,0.75
197405,-4.67,-3.21,-2.07,5.06,-0.12,0.75
197406,-2.83,0,0.77,0.67,3.12,0.6
197407,-8.05,1.99,5.22,-3.24,4.58,0.7
197408,-9.35,0.32,2.56,-0.12,2.55,0.6
197409,-11.77,1.46,5.54,-4.4,5.91,0.81
197410,16.1,-6.85,-9.72,0.02,-2.93,0.51
197411,-4.51,-1.45,-0.1,-3.39,2.95,0.54
197412,-3.45,-4.35,0.07,-0.59,3.23,0.7
197501,13.66,12.8,8.22,-0.95,-0.87,0.58
197502,5.56,-0.66,-4.5,1.06,-2.14,0.43
197503,2.66,4,2.41,1.34,-1.24,0.41
197504,4.23,-0.58,-1.11,1.48,-1.35,0.44
197505,5.19,2.9,-4.08,-0.99,-0.61,0.44
197506,4.83,1.31,1.28,-2.9,1.07,0.41
197507,-6.59,3.41,1.69,0.47,1.19,0.48
197508,-2.85,-2.8,-0.9,1.06,-0.89,0.48
197509,-4.26,0.01,0.35,0.67,0.5,0.53
197510,5.31,-4.23,0.3,-0.42,2.27,0.56
197511,2.65,-1.06,1.99,-0.53,1.71,0.41
197512,-1.6,-0.03,1.76,-0.1,0.6,0.48
197601,12.16,6.36,8.57,-1.85,2.36,0.47
197602,0.32,7.98,5.77,-2.66,3.84,0.34
197603,2.33,-1.33,-0.02,-0.55,1.09,0.4
197604,-1.49,0.13,-0.06,0.44,-1.1,0.42
197605,-1.34,-1.12,-1.33,2.55,-1.42,0.37
197606,4.05,-1.13,0.68,-0.52,0.93,0.43
197607,-1.07,0.62,1.74,-1.11,0.35,0.47
197608,-0.56,-2.03,0.77,-0.44,-0.54,0.42
197609,2.06,0.13,-0.29,0.99,-1.14,0.44
197610,-2.42,0.15,-0.13,-0.23,-0.28,0.41
197611,0.36,2.7,1.52,-1.22,0.1,0.4
197612,5.65,3.62,2.22,-0.43,2.19,0.4
197701,-4.05,5.92,4.27,-0.45,1.87,0.36
197702,-1.95,1.12,0.49,-0.16,-0.18,0.35
197703,-1.37,1.31,1.03,-0.38,-0.11,0.38
197704,0.15,0.6,3.45,-2,1.13,0.38
197705,-1.46,1.3,0.83,0.37,0.08,0.37
197706,4.71,2.08,-0.65,0.95,-1.2,0.4
197707,-1.69,1.81,-0.61,0.57,0.04,0.42
197708,-1.75,0.89,-2.8,1.09,-0.6,0.44
197709,-0.27,1.55,-0.49,1.13,-0.82,0.43
197710,-4.38,1.5,1.71,-0.25,-0.28,0.49
197711,4,3.6,0.36,-0.15,0.66,0.5
197712,0.27,1.61,-0.35,1.03,-0.67,0.49
197801,-6.01,2.68,3.28,-1.71,1.52,0.49
197802,-1.38,3.64,0.8,0.2,1.04,0.46
197803,2.85,3.73,1.27,-0.48,1.88,0.53
197804,7.88,-0.32,-3.48,2.63,-1.33,0.54
197805,1.76,4.59,-0.63,0.45,0.34,0.51
197806,-1.69,1.6,0.58,-1.4,-0.01,0.54
197807,5.11,0.16,-1.09,1.5,-0.78,0.56
197808,3.75,4.98,-0.48,1.46,0.41,0.56
197809,-1.43,-0.31,1.87,-0.72,1.8,0.62
197810,-11.91,-10.08,1.36,0.16,1.05,0.68
197811,2.71,2.85,-2.21,1.22,-1.22,0.7
197812,0.88,1.09,-2.19,2,-1.39,0.78
197901,4.23,3.86,2.24,-2.49,1.56,0.77
197902,-3.56,0.54,1.18,-1.13,1.02,0.73
197903,5.68,3.18,-0.65,0.66,0.27,0.81
197904,-0.06,2.39,1.07,1.19,0.23,0.8
197905,-2.21,0.47,1.92,-0.86,-0.82,0.82
197906,3.85,1,1.48,-1.72,-0.44,0.81
197907,0.82,1.24,1.68,-0.17,0.59,0.77
197908,5.53,1.94,-1.49,1.49,-1.45,0.77
197909,-0.82,-0.28,-0.89,0.84,0.57,0.83
197910,-8.1,-3.47,-1.89,1.03,0.27,0.87
197911,5.21,2.43,-3.27,0.18,-1.98,0.99
197912,1.79,4.34,-2.03,-0.6,-1.02,0.95
198001,5.51,1.89,1.85,-1.84,2.06,0.8
198002,-1.22,-1.61,0.62,-1.03,3.06,0.89
198003,-12.9,-6.94,-1.06,1.74,-1.34,1.21
198004,3.97,0.99,1.05,-2,0.56,1.26
198005,5.26,2.11,0.44,0.4,-0.49,0.81
198006,3.06,1.48,-0.88,-0.1,-0.93,0.61
198007,6.49,3.95,-6.3,3.94,-2.45,0.53
198008,1.8,4.26,-2.64,2.07,-0.79,0.64
198009,2.19,0.58,-4.79,1.86,-2.82,0.75
198010,1.06,2.35,-2.73,1.41,-1.21,0.95
198011,9.59,-3.4,-8.34,4.22,-5.74,0.96
198012,-4.52,-0.32,2.68,-1.17,1.19,1.31
198101,-5.04,3.37,6.84,-3.44,4.35,1.04
198102,0.56,-0.48,0.96,0.13,2.25,1.07
198103,3.56,3.07,0.67,-2.16,-0.53,1.21
198104,-2.1,4.6,2.26,0.93,1.21,1.08
198105,0.11,2.45,-0.42,0.31,-1.6,1.15
198106,-2.36,-0.97,5.12,-1.41,2.68,1.35
198107,-1.54,-1.99,-0.63,1.07,-3.02,1.24
198108,-7.03,-1.81,4.83,-0.23,1.44,1.28
198109,-7.17,-2.51,5.18,-0.07,2.81,1.24
198110,4.92,2.24,-4.21,3.35,-2.81,1.21
198111,3.36,-1.37,1.89,0.15,0.6,1.07
198112,-3.65,1.19,0.75,0.3,2.39,0.87
198201,-3.24,-1.2,3.14,-1.61,2.11,0.8
198202,-5.86,0.35,6.07,-3.45,4.55,0.92
198203,-1.87,-0.01,3.78,-1.48,2.37,0.98
198204,3.27,1.17,-2.81,1.62,-0.16,1.13
198205,-3.99,0.56,1.82,0.75,-0.08,1.06
198206,-3.09,-0.53,1.51,-0.12,2.67,0.96
198207,-3.19,0.94,0.15,1.11,1.52,1.05
198208,11.14,-4.3,1.16,-1.89,0.15,0.76
198209,1.29,2.59,0.34,2.12,-0.03,0.51
198210,11.3,1.91,-3.68,0.47,-0.37,0.59
198211,4.67,4.49,-1.96,-0.73,0.31,0.63
198212,0.55,0,0.01,-0.14,1.03,0.67
198301,3.6,3.28,-0.86,-1.41,-0.45,0.69
198302,2.59,2.9,0.67,-0.65,1.01,0.62
198303,2.82,1.42,2.07,-0.01,2.82,0.63
198304,6.67,0.49,0.6,-0.19,1.58,0.71
198305,0.52,6.21,-1.39,-1.88,-1.55,0.69
198306,3.07,1.16,-3.86,2.28,-0.91,0.67
198307,-4.07,0.98,5.58,-0.13,2.83,0.74
198308,-0.5,-4.32,5.52,0.52,1.93,0.76
198309,0.92,0.24,1.06,1.15,0.59,0.76
198310,-3.44,-3.82,5.02,-0.74,2.97,0.76
198311,2.16,1.88,-0.64,-0.6,0.67,0.7
198312,-1.78,-0.46,1.68,1.46,1.25,0.73
198401,-1.92,-0.08,7.6,-0.99,2.98,0.76
198402,-4.82,-1.61,3.3,0.85,1.55,0.71
198403,0.63,-0.3,0.48,-0.89,1.08,0.73
198404,-0.52,-1.01,1.24,3.28,0.75,0.81
198405,-5.97,0.12,0.24,2.29,-0.52,0.78
198406,1.82,0.08,-2.61,3.06,-1.5,0.75
198407,-2.74,-2.24,0.43,3.71,-2.11,0.82
198408,10.28,-0.29,-1.81,-0.84,-0.88,0.83
198409,-0.8,0,5.28,1.45,2.49,0.86
198410,-0.84,-1.44,0.49,1.23,-1.22,1
198411,-1.76,-0.98,4.05,0.88,2.07,0.73
198412,1.84,-0.69,-0.16,1.27,-1.32,0.64
198501,7.99,3.5,-5.4,-0.84,-3.34,0.65
198502,1.22,1,-0.14,1.39,1.01,0.58
198503,-0.84,-1.5,4.05,1.22,2.95,0.62
198504,-0.96,-0.1,3.71,1.51,0.74,0.72
198505,5.09,-2.33,-0.85,1.33,-1.46,0.66
198506,1.27,0.39,0.55,1.6,-0.63,0.55
198507,-0.74,2.9,-1.66,-0.55,-0.29,0.62
198508,-1.02,-0.32,2.25,0.05,1.88,0.55
198509,-4.54,-1.81,1.32,1.2,1.61,0.6
198510,4.02,-1.55,0.78,0.77,-1.11,0.65
198511,6.48,0,-2.92,0.35,-2.32,0.61
198512,3.88,-0.4,-1.58,0.85,-1.81,0.65
198601,0.65,1,0.56,-1.99,-2.06,0.56
198602,7.13,-0.76,-0.93,1.1,-1.41,0.53
198603,4.88,-0.55,-0.47,1.3,1,0.6
198604,-1.31,2.92,-2.91,2.99,0.03,0.52
198605,4.62,-1.26,-0.11,2.05,1.1,0.49
198606,1.03,-0.87,1.39,1.77,0.88,0.52
198607,-6.45,-3.55,4.77,-0.75,0.63,0.52
198608,6.07,-4.35,3.51,-1.62,3.22,0.46
198609,-8.6,1.96,3.19,-0.11,3.62,0.45
198610,4.66,-2.33,-1.34,0.18,0.87,0.46
198611,1.17,-1.88,-0.05,1.11,0.63,0.39
198612,-3.27,0.08,0.33,0.98,-0.02,0.49
198701,12.47,-1.51,-3.17,0.23,-1.07,0.42
198702,4.39,3.41,-5.98,-0.79,-2.75,0.43
198703,1.64,0.21,1.64,1.31,4.04,0.47
198704,-2.11,-1.56,-0.32,-0.46,1.18,0.44
198705,0.11,-0.58,0.12,0.65,1.35,0.38
198706,3.94,-2.29,1.06,1.8,0.8,0.48
198707,3.85,-1.08,0.71,-0.39,1.63,0.46
198708,3.52,-0.91,-0.93,1.96,-1.63,0.47
198709,-2.59,0.38,0.28,-0.97,1.89,0.45
198710,-23.24,-8.13,4.23,1.71,2.22,0.6
198711,-7.77,2.85,3.08,-2.06,0.7,0.35
198712,6.81,0.07,-4.45,3.03,-2.5,0.39
198801,4.21,-0.54,5.17,-1.07,2.2,0.29
198802,4.75,3.34,-1.65,1.88,-0.08,0.46
198803,-2.27,6.24,0.75,-0.27,1.89,0.44
198804,0.56,1.13,1.68,-0.2,1.9,0.46
198805,-0.29,-2.6,2.28,-0.76,0.34,0.51
198806,4.79,2.2,-1.11,1.49,-3.38,0.49
198807,-1.25,-0.17,2.27,-0.63,1.47,0.51
198808,-3.31,0.01,2.08,-0.78,1.75,0.59
198809,3.3,-1.31,-0.69,1.74,-0.47,0.62
198810,1.15,-2.95,1.68,1.41,1.05,0.61
198811,-2.29,-1.67,1.27,-0.3,1.58,0.57
198812,1.49,2,-1.55,0.68,-0.37,0.63
198901,6.1,-2.22,0.53,-0.9,0.17,0.55
198902,-2.25,2.66,0.88,-0.76,1.87,0.61
198903,1.57,0.75,0.48,0.01,0.75,0.67
198904,4.33,-0.69,-1.47,0.76,-0.52,0.67
198905,3.35,0,-0.83,0.45,-0.02,0.79
198906,-1.35,-1.07,2.16,0.11,1.5,0.71
198907,7.2,-4.06,-2.83,1.9,-0.6,0.7
198908,1.44,0.43,0.73,0.48,-0.49,0.74
198909,-0.76,0.46,-1.33,1.21,0.61,0.65
198910,-3.67,-3.32,-1.02,0.08,0.03,0.68
198911,1.03,-1.33,-1.11,-1,1.42,0.69
198912,1.16,-2.31,0.3,-0.15,1.46,0.61
199001,-7.85,-1.37,0.86,-1.39,1.32,0.57
199002,1.11,1.17,0.61,-0.2,-0.59,0.57
199003,1.83,1.63,-2.89,2.14,-0.99,0.64
199004,-3.36,-0.41,-2.55,1.59,-0.99,0.69
199005,8.42,-2.38,-3.73,1.78,-1.49,0.68
199006,-1.09,1.37,-1.95,-1.23,-0.36,0.63
199007,-1.9,-3.29,-0.02,-0.44,3.09,0.68
199008,-10.15,-3.88,1.63,-0.43,3.02,0.66
199009,-6.12,-3.77,0.74,0.02,3.73,0.6
199010,-1.92,-5.1,0.29,2.94,-0.44,0.68
199011,6.35,-0.06,-3.11,0.81,-4.74,0.57
199012,2.46,0.65,-1.56,2.91,-2.04,0.6
199101,4.69,3.89,-1.84,1.48,-4.1,0.52
199102,7.19,3.93,-0.54,-0.29,-0.18,0.48
199103,2.65,3.84,-1.24,-0.37,-1.01,0.44
199104,-0.28,0.35,1.4,0.64,0.7,0.53
199105,3.65,0.17,-0.56,2.17,-2.46,0.47
199106,-4.94,0.15,1.21,1.59,0.63,0.42
199107,4.24,-0.96,-1.27,1.47,-1.41,0.49
199108,2.32,1.48,-0.79,0.93,-0.55,0.46
199109,-1.59,1.55,-0.98,-1.78,0.15,0.46
199110,1.29,0.9,-0.44,-1.89,-0.31,0.42
199111,-4.19,-0.88,-1.91,0.9,0.13,0.39
199112,10.84,-2.39,-4.04,3.82,-3.13,0.38
199201,-0.59,9.25,4.5,-1.34,3.19,0.34
199202,1.09,1.38,6.36,0.27,2.03,0.28
199203,-2.66,-0.9,3.66,-0.13,1.94,0.34
199204,1.07,-5.74,4.28,1.74,2.22,0.32
199205,0.3,0.21,1.27,-1.03,0.42,0.28
199206,-2.34,-2.71,3.41,-0.06,1.07,0.32
199207,3.77,-0.64,-0.53,1.23,-0.81,0.31
199208,-2.38,-0.42,-1.04,3.74,-1.58,0.26
199209,1.19,0.51,-0.21,1.71,-0.61,0.26
199210,1.02,2.05,-2.1,1.37,-0.88,0.23
199211,4.13,3.91,-1.48,-0.7,-1.72,0.23
199212,1.53,1.63,2.51,-0.57,0.81,0.28
199301,0.93,2.09,5.89,-1.66,2.9,0.23
199302,0.12,-3.47,6.42,-0.5,4.08,0.22
199303,2.3,0.06,1.24,-0.31,0.87,0.25
199304,-3.05,-0.85,2.61,-3.55,1.42,0.24
199305,2.89,1.88,-3.41,-0.02,-1,0.22
199306,0.31,0.1,2.61,-0.93,1.18,0.25
199307,-0.34,0.9,3.25,-2.16,2.02,0.24
199308,3.71,0.25,-0.45,-1.11,-0.05,0.25
199309,-0.12,3.06,-0.44,0.68,-0.08,0.26
199310,1.41,1.6,-1.55,-0.05,0.6,0.22
199311,-1.89,-1.42,-0.27,1.74,-0.95,0.25
199312,1.65,1.37,0.57,0.81,-0.31,0.23
199401,2.87,-0.16,2.08,-2.31,1.45,0.25
199402,-2.55,2.65,-1.44,2.54,-1.03,0.21
199403,-4.78,-1.02,1.32,0.62,1.27,0.27
199404,0.68,-1.06,1.68,0.89,1.14,0.27
199405,0.58,-2.46,0.19,0.91,0.71,0.31
199406,-3.03,-0.52,1.68,1.05,1.51,0.31
199407,2.82,-1.83,0.6,-0.87,0.13,0.28
199408,4.01,1.24,-2.82,0.51,-1.43,0.37
199409,-2.31,2.65,-1.91,0.45,0.96,0.37
199410,1.34,-2.34,-1.74,0.31,-0.62,0.38
199411,-4.04,0.12,-0.95,0.76,-0.45,0.37
199412,0.86,-0.03,0.53,0.29,0.32,0.44
199501,1.8,-2.73,0.81,0.85,-0.84,0.42
199502,3.63,-0.57,1.04,0.55,-0.32,0.4
199503,2.19,-0.77,-1.06,-0.65,0.18,0.46
199504,2.11,-0.44,2.25,-0.58,1.02,0.44
199505,2.9,-2.03,1.68,0.71,0.09,0.54
199506,2.72,2.95,-2.27,-0.57,-2.43,0.47
199507,3.72,2.12,-1.69,0.64,-1.69,0.45
199508,0.55,1.83,2.72,-1.35,1.64,0.47
199509,3.35,-1.9,-0.76,1.25,0.36,0.43
199510,-1.52,-4.07,-0.75,1.95,-0.05,0.47
199511,3.96,-1.18,0.95,-0.84,1.17,0.42
199512,1.03,0.7,0.86,-1.05,2.97,0.49
199601,2.26,-2.52,0.32,-0.22,2.25,0.43
199602,1.33,1.78,-1.44,0.21,-1.79,0.39
199603,0.73,1.51,0.99,1.14,-0.96,0.39
199604,2.06,4.63,-3.9,0.07,-2.17,0.46
199605,2.36,3.13,-1.21,0.26,-0.21,0.42
199606,-1.14,-3.47,1.55,3.42,1.09,0.4
199607,-5.97,-3.61,4.42,3.23,2.61,0.45
199608,2.77,2.52,-0.43,-0.49,-2.43,0.41
199609,5.01,-1.33,-3.13,1.33,-2.17,0.44
199610,0.86,-3.88,5.1,1.4,2.97,0.42
199611,6.25,-3.8,1.21,1.7,-0.73,0.41
199612,-1.7,3.2,0.86,0.38,1.52,0.46
199701,4.98,-1.82,-1.65,1.05,-0.27,0.45
199702,-0.49,-2.54,5.18,0.53,3.42,0.39
199703,-5.02,-0.44,3.78,0.85,1.66,0.43
199704,4.04,-5.74,-0.07,2.9,-0.91,0.43
199705,6.74,4.64,-3.91,-1.14,-2.91,0.49
199706,4.1,1.24,1.21,0.58,0.54,0.37
199707,7.33,-2.85,0.85,-0.4,-2.53,0.43
199708,-4.15,7.66,1.37,-0.91,-0.04,0.41
199709,5.35,2.56,0.01,-1.39,-0.9,0.44
199710,-3.8,-0.48,1.94,1.22,1.88,0.42
199711,2.98,-5.03,0.77,3.19,1.67,0.39
199712,1.32,-1.98,3.45,1.35,1.9,0.48
199801,0.15,-1.41,-1.43,0.57,-0.86,0.43
199802,7.04,-0.04,-0.15,-0.95,-2.44,0.39
199803,4.76,-0.61,1.03,-0.64,-0.48,0.39
199804,0.73,-0.02,0.78,-2.19,-0.22,0.43
199805,-3.07,-3.11,4.15,0.9,2.54,0.4
199806,3.18,-3.63,-2.34,-0.18,-2.9,0.41
199807,-2.46,-5.29,-0.98,2.01,0.46,0.4
199808,-16.08,-5.03,3.39,3.2,5.85,0.43
199809,6.15,-0.88,-3.26,-2.04,-2.91,0.46
199810,7.13,-3.51,-2.2,0.74,0.29,0.32
199811,6.1,0.64,-3.13,-1.05,-1.14,0.31
199812,6.16,-1.53,-4.45,-0.96,-3.35,0.38
199901,3.5,-0.77,-4.03,-2.67,-6.88,0.35
199902,-4.08,-5.04,1.37,-1.09,4.06,0.35
199903,3.45,-4.33,-2.65,-4.31,-1.37,0.43
199904,4.33,4.6,2.54,-2.61,0.94,0.37
199905,-2.46,3.76,2.33,1.06,3.31,0.34
199906,4.77,2.26,-3.58,1.41,-3.39,0.4
199907,-3.47,2.53,-0.8,0.42,3.14,0.38
199908,-1.38,-1.9,-1.27,-0.3,0.4,0.39
199909,-2.81,2.59,-3.37,-0.83,-1.02,0.39
199910,6.13,-7.05,-2.97,-1.97,-1.18,0.39
199911,3.37,5.91,-6.51,-4.36,-1.49,0.36
199912,7.72,5.57,-8.69,-7.79,-5.06,0.44
200001,-4.74,4.27,-0.45,-5.69,4.77,0.41
200002,2.45,18.73,-10.49,-19.11,0.16,0.43
200003,5.2,-15.28,7.86,12.39,-1.67,0.47
200004,-6.4,-5.6,8.57,7.26,5.23,0.46
200005,-4.42,-3.53,2.39,4.62,0.9,0.5
200006,4.64,10.47,-10.03,-7.77,-2.83,0.4
200007,-2.51,-0.92,8.15,6.23,2.98,0.48
200008,7.03,-1.08,-0.69,-3.09,0.64,0.5
200009,-5.45,0.22,6.23,3.23,6.39,0.51
200010,-2.76,-2.78,5.55,9.75,4.65,0.56
200011,-10.72,-0.38,11.29,13.52,8.5,0.51
200012,1.19,3.15,7.3,1.95,5.71,0.5
200101,3.13,5.73,-4.88,-4.9,-6.55,0.54
200102,-10.05,2.74,12.91,9.48,9.55,0.38
200103,-7.26,2.4,6.49,3.53,3.95,0.42
200104,7.94,-0.71,-4.69,-3.06,-3.98,0.39
200105,0.72,3.61,3.13,0.34,2.22,0.32
200106,-1.94,6.57,-1.09,1.66,-1.8,0.28
200107,-2.13,-2.84,5.61,7.51,3.06,0.3
200108,-6.46,2.73,2.56,3.88,6.57,0.31
200109,-9.25,-5.57,1.56,5.36,3.25,0.28
200110,2.46,5.32,-8.02,-2.85,-4.56,0.22
200111,7.54,-0.36,2,-3.94,-1.64,0.17
200112,1.61,5.12,1.08,0.4,-0.28,0.15
200201,-1.44,1.2,3.35,4.36,2.88,0.14
200202,-2.29,-0.46,2.51,7.8,5.14,0.13
200203,4.24,4.25,1.11,-1.59,0.6,0.13
200204,-5.2,6.61,3.92,4.26,5.38,0.15
200205,-1.38,-3.05,1.7,2.29,2.44,0.14
200206,-7.21,3.79,0.12,3.95,2.55,0.13
200207,-8.18,-6.29,-3.52,3.99,-0.7,0.15
200208,0.5,-1.23,2.53,1.44,-1.6,0.14
200209,-10.35,3.06,1.26,3.19,-2.28,0.14
200210,7.84,-4.08,-5.4,-3.16,0.92,0.14
200211,5.96,2.9,-0.95,-9.55,5.01,0.12
200212,-5.76,0.54,2.21,6.16,-1.62,0.11
200301,-2.57,0.86,-0.83,-0.66,0.71,0.1
200302,-1.88,-0.89,-1.47,1.1,-0.52,0.09
200303,1.09,0.67,-1.93,1.89,-0.77,0.1
200304,8.22,1.03,1.11,-4.68,1.01,0.1
200305,6.05,4.88,-0.1,-7.16,3.14,0.09
200306,1.42,1.62,0.57,0.58,-0.35,0.1
200307,2.35,4.8,-1.02,-4.03,1.98,0.07
200308,2.34,2.59,2.1,-2.37,2.3,0.07
200309,-1.24,0.52,0.01,1.11,0.2,0.08
200310,6.08,2.72,1.93,-1.58,1.67,0.07
200311,1.35,2.33,1.96,-0.22,1.84,0.07
200312,4.29,-2.73,2.35,-0.01,0.98,0.08
200401,2.15,2.5,1.96,-3.6,3.28,0.07
200402,1.4,-0.87,0.48,2.52,-1.24,0.06
200403,-1.32,2.12,0.25,1.53,-0.99,0.09
200404,-1.83,-2.23,-2.62,3.17,-2.88,0.08
200405,1.17,-0.39,-0.35,-1.17,0.02,0.06
200406,1.86,2.54,1.35,1.03,-0.36,0.08
200407,-4.06,-2.98,4.09,5.26,-1.67,0.1
200408,0.08,-1.24,0.96,1.27,-1.47,0.11
200409,1.6,3.31,-0.24,-1.24,-1.92,0.11
200410,1.43,0.3,-0.56,-0.11,0.48,0.11
200411,4.54,4.12,1.81,-1.08,-0.26,0.15
200412,3.43,0.03,-0.04,-1.36,0.56,0.16
200501,-2.76,-1.11,1.95,3.12,-1.39,0.16
200502,1.89,-0.27,1.65,1.32,-0.08,0.16
200503,-1.97,-1.42,1.54,0.51,1.09,0.21
200504,-2.61,-4.04,-0.35,0.82,-0.96,0.21
200505,3.65,2.7,-0.81,-1.39,0.27,0.24
200506,0.57,3.25,2.69,1.06,-0.49,0.23
200507,3.92,2.8,-0.54,-1.16,-0.95,0.24
200508,-1.22,-0.91,1.27,-2.37,0.44,0.3
200509,0.49,-0.3,0.76,0.54,-0.54,0.29
200510,-2.02,-1.4,0.25,-0.6,-1.29,0.27
200511,3.61,0.79,-1.19,-0.62,-1.14,0.31
200512,-0.25,-0.28,0.4,0.26,0.23,0.32
200601,3.04,5.76,1.12,-1.07,-0.47,0.35
200602,-0.3,-0.45,-0.25,-0.6,1.99,0.34
200603,1.46,3.41,0.51,-0.29,-0.51,0.37
200604,0.73,-0.84,2.61,1.11,-0.21,0.36
200605,-3.57,-3,2.57,0.9,1.32,0.43
200606,-0.35,-0.27,0.86,1.29,-0.06,0.4
200607,-0.78,-3.66,2.92,1.72,0.95,0.4
200608,2.03,0.45,-1.72,-1.81,2.14,0.42
200609,1.84,-1.43,0.03,0.91,0.55,0.41
200610,3.23,1.95,-0.05,-0.27,0.24,0.41
200611,1.71,0.83,0.04,0.12,-0.88,0.42
200612,0.87,-0.79,3.16,-0.71,2.04,0.4
200701,1.4,0.05,-0.13,0.04,0.25,0.44
200702,-1.96,1.39,-0.1,-0.46,-0.78,0.38
200703,0.68,0.06,-0.23,0.18,-0.6,0.43
200704,3.49,-2.01,-1.15,1,1.04,0.44
200705,3.24,0.25,-0.07,1.22,-1.35,0.41
200706,-1.96,0.76,-1.11,0.43,0.04,0.4
200707,-3.73,-2.88,-3.34,0.48,-1.08,0.4
200708,0.92,-0.33,-2.25,-1.06,-0.56,0.42
200709,3.22,-2.41,-1.91,-0.56,-3.33,0.32
200710,1.8,0.04,-2.62,-0.17,-0.15,0.32
200711,-4.83,-2.83,-1.18,1.58,-0.35,0.34
200712,-0.87,0.19,-0.44,0.9,-1.08,0.27
200801,-6.36,-0.5,3.69,1.94,2.27,0.21
200802,-3.09,-0.49,-0.88,0.79,-1.13,0.13
200803,-0.93,0.69,-0.18,0.78,0.5,0.17
200804,4.6,-1.15,-0.99,1.55,-2.54,0.18
200805,1.86,3.18,-1.49,0.87,0.04,0.18
200806,-8.44,1.19,-2.47,4.29,-0.48,0.17
200807,-0.77,3.68,5.89,-0.91,1.1,0.15
200808,1.53,3.43,1.57,1.67,0.82,0.13
200809,-9.24,0.31,6.26,2.24,1.81,0.15
200810,-17.23,-3.1,-2.75,3.76,1.88,0.08
200811,-7.86,-3.87,-5.85,4.95,2.64,0.03
200812,1.74,3.39,-0.21,0.13,-1.36,0
200901,-8.12,-2.01,-11.25,0.26,-1.23,0
200902,-10.1,-1.19,-7.27,1.89,-1.14,0.01
200903,8.95,0.62,3.62,-2.49,-2.24,0.02
200904,10.19,6.63,5.44,0.16,0.19,0.01
200905,5.21,-2.34,-0.14,-1.21,-2.14,0
200906,0.43,2.31,-2.66,-0.93,-0.17,0.01
200907,7.72,2.48,5.22,-0.45,3.19,0.01
200908,3.33,0.03,7.85,-3.05,3.13,0.01
200909,4.08,2.79,0.97,1.69,0.34,0.01
200910,-2.59,-4.82,-4.26,4.25,-1.61,0
200911,5.56,-2.76,-0.12,0.87,0.12,0
200912,2.75,6.27,0,0.7,-0.08,0.01
201001,-3.36,0.27,0.3,-1.5,0.41,0
201002,3.4,1.45,3.18,-0.45,1.4,0
201003,6.31,1.84,2.15,-0.62,1.64,0.01
201004,2,5.07,2.83,0.93,1.7,0.01
201005,-7.89,-0.02,-2.41,1.05,-0.18,0.01
201006,-5.56,-2.56,-4.52,-0.16,-1.51,0.01
201007,6.93,0.11,-0.21,0.13,1.97,0.01
201008,-4.77,-3.12,-1.96,0.49,-1.74,0.01
201009,9.54,3.73,-3.12,-0.06,0.45,0.01
201010,3.88,0.78,-2.52,1.27,-0.17,0.01
201011,0.6,3.58,-0.91,0.31,1.63,0.01
201012,6.82,0.98,3.78,-3.5,3.23,0.01
201101,1.99,-2.42,0.82,-0.73,0.72,0.01
201102,3.49,1.66,1.1,-1.9,0.89,0.01
201103,0.45,2.63,-1.57,1.42,0.04,0.01
201104,2.9,-0.48,-2.53,1.03,-0.86,0
201105,-1.27,-0.72,-2.09,1.98,-1.44,0
201106,-1.75,0.07,-0.33,2.25,-1.45,0
201107,-2.36,-1.33,-1.16,2.55,-1.76,0
201108,-5.99,-3.2,-2.4,3.08,-0.26,0.01
201109,-7.59,-3.78,-1.37,1.96,0.23,0
201110,11.35,3.59,-0.22,-1.84,-0.84,0
201111,-0.28,-0.28,-0.42,1.72,1.52,0
201112,0.74,-0.41,1.71,0.92,2.46,0
201201,5.05,2.14,-1.11,-1.85,-1.4,0
201202,4.42,-1.58,0.11,-0.18,-0.01,0
201203,3.11,-0.48,0.89,-0.51,0.8,0
201204,-0.85,-0.61,-0.46,1.16,0.68,0
201205,-6.19,-0.11,-0.52,2.1,2.36,0.01
201206,3.89,0.96,0.41,-1.3,0.36,0
201207,0.79,-2.71,-0.25,0.74,0.17,0
201208,2.55,0.42,1.34,-1.45,-0.68,0.01
201209,2.73,0.68,1.57,-1.08,1.61,0.01
201210,-1.76,-0.78,3.64,-1.45,2.25,0.01
201211,0.78,0.3,-0.81,0.4,0.91,0.01
201212,1.18,1.89,3.52,-1.73,0.87,0.01
201301,5.57,0.57,0.95,-1.93,1.44,0
201302,1.29,-0.35,0.11,-0.64,0.47,0
201303,4.03,0.91,-0.26,0.43,1.23,0
201304,1.55,-2.3,0.57,0.22,0.42,0
201305,2.8,2.09,2.49,-1.62,-0.79,0
201306,-1.2,1.35,-0.13,-0.39,0.03,0
201307,5.65,1.8,0.61,-1.54,0.55,0
201308,-2.71,-0.04,-2.77,0.75,-2.13,0
201309,3.77,2.71,-1.2,-0.54,-1.31,0
201310,4.18,-1.51,1.1,2.89,0.87,0
201311,3.12,1.38,0.26,0.32,0.1,0
201312,2.81,-0.5,-0.31,-0.47,0.08,0
201401,-3.32,0.61,-2.13,-3.64,-1.43,0
201402,4.65,0.13,-0.37,-0.47,-0.38,0
201403,0.43,-1.15,5.03,1.99,1.93,0
201404,-0.19,-4.1,1.1,3.51,1.1,0
201405,2.06,-1.87,-0.36,0.35,-1.11,0
201406,2.61,3.03,-0.66,-1.98,-1.88,0
201407,-2.04,-4.23,-0.02,1.08,0.45,0
201408,4.24,0.32,-0.55,-0.54,-0.68,0
201409,-1.97,-3.75,-1.19,1.02,-0.49,0
201410,2.52,3.84,-1.68,-0.63,-0.21,0
201411,2.55,-2.26,-2.98,1.41,0.18,0
201412,-0.06,2.9,2.12,-1.35,0.9,0
201501,-3.11,-0.83,-3.47,1.39,-1.7,0
201502,6.13,0.23,-1.73,-1.05,-1.6,0
201503,-1.12,3.1,-0.45,0.11,-0.55,0
201504,0.59,-3.04,1.84,0.1,-0.52,0
201505,1.36,0.8,-1.32,-1.74,-0.72,0
201506,-1.53,2.87,-0.8,0.43,-1.53,0
201507,1.54,-4.49,-4.21,-0.31,-2.62,0
201508,-6.04,0.41,2.71,0.62,1.15,0
201509,-3.08,-2.8,0.58,1.36,-0.51,0
201510,7.75,-2.1,-0.11,0.91,0.45,0
201511,0.56,3.34,-0.57,-2.76,-1,0
201512,-2.17,-2.96,-2.46,-0.03,0.17,0.01
201601,-5.77,-3.46,2.26,2.25,2.97,0.01
201602,-0.07,0.97,-0.48,3.21,2.07,0.02
201603,6.96,1.09,1.11,1.09,0.03,0.02
201604,0.92,1.16,3.25,-2.98,1.91,0.01
201605,1.78,-0.74,-1.79,-1.22,-2.65,0.01
201606,-0.05,0.44,-1.49,1.16,1.91,0.02
201607,3.95,2.91,-0.98,1.43,-1.02,0.02
201608,0.5,1.52,3.18,-1.24,-0.56,0.02
201609,0.25,1.72,-1.34,-1.85,-0.05,0.02
201610,-2.02,-3.97,4.15,1.36,0.22,0.02
201611,4.86,7.03,8.44,-0.68,3.83,0.01
201612,1.81,0.32,3.52,0.95,-0.21,0.03
201701,1.94,-1.25,-2.69,0.1,-0.95,0.04
201702,3.57,-1.97,-1.8,0.5,-1.65,0.04
201703,0.17,0.74,-3.32,0.76,-1.08,0.03